cfg,prompt_id,seed,latency_s,clip_score,lpips_vs_ref,lpips_vs_prev,image_path
1,p01_portrait,42,12.093,0.251074,0.676768,,reports/experiments/exp3_cfg_sweep/images/cfg_1/p01_portrait_seed42.png
1,p01_portrait,123,8.174,0.194151,0.633666,,reports/experiments/exp3_cfg_sweep/images/cfg_1/p01_portrait_seed123.png
1,p01_portrait,456,6.452,0.167893,0.841419,,reports/experiments/exp3_cfg_sweep/images/cfg_1/p01_portrait_seed456.png
1,p01_portrait,789,6.125,0.162499,0.738826,,reports/experiments/exp3_cfg_sweep/images/cfg_1/p01_portrait_seed789.png
1,p01_portrait,1337,6.315,0.221278,0.694872,,reports/experiments/exp3_cfg_sweep/images/cfg_1/p01_portrait_seed1337.png
1,p02_landscape,42,7.033,0.099477,0.754327,,reports/experiments/exp3_cfg_sweep/images/cfg_1/p02_landscape_seed42.png
1,p02_landscape,123,5.949,0.134965,0.654306,,reports/experiments/exp3_cfg_sweep/images/cfg_1/p02_landscape_seed123.png
1,p02_landscape,456,6.168,0.136475,0.758739,,reports/experiments/exp3_cfg_sweep/images/cfg_1/p02_landscape_seed456.png
1,p02_landscape,789,5.714,0.224164,0.710588,,reports/experiments/exp3_cfg_sweep/images/cfg_1/p02_landscape_seed789.png
1,p02_landscape,1337,6.599,0.237312,0.616847,,reports/experiments/exp3_cfg_sweep/images/cfg_1/p02_landscape_seed1337.png
1,p03_abstract,42,7.906,0.313219,0.670663,,reports/experiments/exp3_cfg_sweep/images/cfg_1/p03_abstract_seed42.png
1,p03_abstract,123,7.577,0.279311,0.740215,,reports/experiments/exp3_cfg_sweep/images/cfg_1/p03_abstract_seed123.png
1,p03_abstract,456,7.233,0.291005,0.640301,,reports/experiments/exp3_cfg_sweep/images/cfg_1/p03_abstract_seed456.png
1,p03_abstract,789,7.935,0.245021,0.680223,,reports/experiments/exp3_cfg_sweep/images/cfg_1/p03_abstract_seed789.png
1,p03_abstract,1337,5.623,0.300561,0.710894,,reports/experiments/exp3_cfg_sweep/images/cfg_1/p03_abstract_seed1337.png
1,p04_text,42,5.727,0.226019,0.727919,,reports/experiments/exp3_cfg_sweep/images/cfg_1/p04_text_seed42.png
1,p04_text,123,5.296,0.253225,0.566045,,reports/experiments/exp3_cfg_sweep/images/cfg_1/p04_text_seed123.png
1,p04_text,456,5.445,0.224393,0.639931,,reports/experiments/exp3_cfg_sweep/images/cfg_1/p04_text_seed456.png
1,p04_text,789,6.549,0.222197,0.529738,,reports/experiments/exp3_cfg_sweep/images/cfg_1/p04_text_seed789.png
1,p04_text,1337,5.367,0.259614,0.764311,,reports/experiments/exp3_cfg_sweep/images/cfg_1/p04_text_seed1337.png
1,p05_texture,42,5.149,0.187594,0.648249,,reports/experiments/exp3_cfg_sweep/images/cfg_1/p05_texture_seed42.png
1,p05_texture,123,5.419,0.258015,0.536126,,reports/experiments/exp3_cfg_sweep/images/cfg_1/p05_texture_seed123.png
1,p05_texture,456,5.598,0.217947,0.668018,,reports/experiments/exp3_cfg_sweep/images/cfg_1/p05_texture_seed456.png
1,p05_texture,789,5.502,0.167556,0.611405,,reports/experiments/exp3_cfg_sweep/images/cfg_1/p05_texture_seed789.png
1,p05_texture,1337,5.73,0.189112,0.643041,,reports/experiments/exp3_cfg_sweep/images/cfg_1/p05_texture_seed1337.png
1,p06_arch,42,5.147,0.31089,0.583167,,reports/experiments/exp3_cfg_sweep/images/cfg_1/p06_arch_seed42.png
1,p06_arch,123,5.372,0.298832,0.508995,,reports/experiments/exp3_cfg_sweep/images/cfg_1/p06_arch_seed123.png
1,p06_arch,456,5.448,0.224266,0.603697,,reports/experiments/exp3_cfg_sweep/images/cfg_1/p06_arch_seed456.png
1,p06_arch,789,5.261,0.287433,0.463954,,reports/experiments/exp3_cfg_sweep/images/cfg_1/p06_arch_seed789.png
1,p06_arch,1337,5.25,0.274784,0.512495,,reports/experiments/exp3_cfg_sweep/images/cfg_1/p06_arch_seed1337.png
1,p07_hands,42,5.149,0.208648,0.672947,,reports/experiments/exp3_cfg_sweep/images/cfg_1/p07_hands_seed42.png
1,p07_hands,123,5.225,0.219653,0.64877,,reports/experiments/exp3_cfg_sweep/images/cfg_1/p07_hands_seed123.png
1,p07_hands,456,5.339,0.169797,0.687842,,reports/experiments/exp3_cfg_sweep/images/cfg_1/p07_hands_seed456.png
1,p07_hands,789,5.269,0.269279,0.664329,,reports/experiments/exp3_cfg_sweep/images/cfg_1/p07_hands_seed789.png
1,p07_hands,1337,5.129,0.245017,0.736983,,reports/experiments/exp3_cfg_sweep/images/cfg_1/p07_hands_seed1337.png
1,p08_crowd,42,5.33,0.271336,0.57376,,reports/experiments/exp3_cfg_sweep/images/cfg_1/p08_crowd_seed42.png
1,p08_crowd,123,5.276,0.2493,0.554201,,reports/experiments/exp3_cfg_sweep/images/cfg_1/p08_crowd_seed123.png
1,p08_crowd,456,5.257,0.222036,0.620376,,reports/experiments/exp3_cfg_sweep/images/cfg_1/p08_crowd_seed456.png
1,p08_crowd,789,5.476,0.299014,0.516713,,reports/experiments/exp3_cfg_sweep/images/cfg_1/p08_crowd_seed789.png
1,p08_crowd,1337,5.3,0.239858,0.600916,,reports/experiments/exp3_cfg_sweep/images/cfg_1/p08_crowd_seed1337.png
3,p01_portrait,42,5.335,0.352717,0.571996,0.603451,reports/experiments/exp3_cfg_sweep/images/cfg_3/p01_portrait_seed42.png
3,p01_portrait,123,5.223,0.316177,0.383095,0.585932,reports/experiments/exp3_cfg_sweep/images/cfg_3/p01_portrait_seed123.png
3,p01_portrait,456,5.134,0.312693,0.436474,0.739304,reports/experiments/exp3_cfg_sweep/images/cfg_3/p01_portrait_seed456.png
3,p01_portrait,789,5.003,0.315259,0.49739,0.71199,reports/experiments/exp3_cfg_sweep/images/cfg_3/p01_portrait_seed789.png
3,p01_portrait,1337,4.976,0.296714,0.396329,0.686627,reports/experiments/exp3_cfg_sweep/images/cfg_3/p01_portrait_seed1337.png
3,p02_landscape,42,5.237,0.313062,0.412274,0.726451,reports/experiments/exp3_cfg_sweep/images/cfg_3/p02_landscape_seed42.png
3,p02_landscape,123,5.562,0.307741,0.478786,0.514036,reports/experiments/exp3_cfg_sweep/images/cfg_3/p02_landscape_seed123.png
3,p02_landscape,456,5.071,0.311753,0.356035,0.69237,reports/experiments/exp3_cfg_sweep/images/cfg_3/p02_landscape_seed456.png
3,p02_landscape,789,5.28,0.297555,0.489696,0.589541,reports/experiments/exp3_cfg_sweep/images/cfg_3/p02_landscape_seed789.png
3,p02_landscape,1337,5.207,0.291845,0.289279,0.512693,reports/experiments/exp3_cfg_sweep/images/cfg_3/p02_landscape_seed1337.png
3,p03_abstract,42,5.225,0.317955,0.50968,0.391089,reports/experiments/exp3_cfg_sweep/images/cfg_3/p03_abstract_seed42.png
3,p03_abstract,123,5.249,0.281995,0.535527,0.518404,reports/experiments/exp3_cfg_sweep/images/cfg_3/p03_abstract_seed123.png
3,p03_abstract,456,4.076,0.338336,0.549941,0.535721,reports/experiments/exp3_cfg_sweep/images/cfg_3/p03_abstract_seed456.png
3,p03_abstract,789,3.899,0.30579,0.434561,0.617703,reports/experiments/exp3_cfg_sweep/images/cfg_3/p03_abstract_seed789.png
3,p03_abstract,1337,3.961,0.303997,0.545098,0.580073,reports/experiments/exp3_cfg_sweep/images/cfg_3/p03_abstract_seed1337.png
3,p04_text,42,4.903,0.205921,0.571003,0.566779,reports/experiments/exp3_cfg_sweep/images/cfg_3/p04_text_seed42.png
3,p04_text,123,4.83,0.284615,0.365818,0.508303,reports/experiments/exp3_cfg_sweep/images/cfg_3/p04_text_seed123.png
3,p04_text,456,4.893,0.251275,0.552168,0.489503,reports/experiments/exp3_cfg_sweep/images/cfg_3/p04_text_seed456.png
3,p04_text,789,5.436,0.268268,0.392119,0.478493,reports/experiments/exp3_cfg_sweep/images/cfg_3/p04_text_seed789.png
3,p04_text,1337,5.4,0.21885,0.683207,0.540141,reports/experiments/exp3_cfg_sweep/images/cfg_3/p04_text_seed1337.png
3,p05_texture,42,5.3,0.317599,0.316026,0.607875,reports/experiments/exp3_cfg_sweep/images/cfg_3/p05_texture_seed42.png
3,p05_texture,123,5.368,0.229984,0.367375,0.515113,reports/experiments/exp3_cfg_sweep/images/cfg_3/p05_texture_seed123.png
3,p05_texture,456,5.324,0.250515,0.352503,0.631262,reports/experiments/exp3_cfg_sweep/images/cfg_3/p05_texture_seed456.png
3,p05_texture,789,6.237,0.276381,0.512313,0.56137,reports/experiments/exp3_cfg_sweep/images/cfg_3/p05_texture_seed789.png
3,p05_texture,1337,5.814,0.290726,0.430985,0.57625,reports/experiments/exp3_cfg_sweep/images/cfg_3/p05_texture_seed1337.png
3,p06_arch,42,5.303,0.311438,0.446482,0.497347,reports/experiments/exp3_cfg_sweep/images/cfg_3/p06_arch_seed42.png
3,p06_arch,123,5.517,0.27639,0.268871,0.457564,reports/experiments/exp3_cfg_sweep/images/cfg_3/p06_arch_seed123.png
3,p06_arch,456,5.724,0.298557,0.391295,0.542661,reports/experiments/exp3_cfg_sweep/images/cfg_3/p06_arch_seed456.png
3,p06_arch,789,5.474,0.33111,0.320711,0.388841,reports/experiments/exp3_cfg_sweep/images/cfg_3/p06_arch_seed789.png
3,p06_arch,1337,5.621,0.320224,0.342769,0.449168,reports/experiments/exp3_cfg_sweep/images/cfg_3/p06_arch_seed1337.png
3,p07_hands,42,5.943,0.277749,0.469047,0.514716,reports/experiments/exp3_cfg_sweep/images/cfg_3/p07_hands_seed42.png
3,p07_hands,123,5.796,0.265295,0.675094,0.561971,reports/experiments/exp3_cfg_sweep/images/cfg_3/p07_hands_seed123.png
3,p07_hands,456,5.688,0.236233,0.500114,0.590556,reports/experiments/exp3_cfg_sweep/images/cfg_3/p07_hands_seed456.png
3,p07_hands,789,5.878,0.331919,0.431679,0.597061,reports/experiments/exp3_cfg_sweep/images/cfg_3/p07_hands_seed789.png
3,p07_hands,1337,6.022,0.279496,0.545564,0.635035,reports/experiments/exp3_cfg_sweep/images/cfg_3/p07_hands_seed1337.png
3,p08_crowd,42,5.759,0.317241,0.420416,0.490131,reports/experiments/exp3_cfg_sweep/images/cfg_3/p08_crowd_seed42.png
3,p08_crowd,123,5.108,0.305071,0.448757,0.422917,reports/experiments/exp3_cfg_sweep/images/cfg_3/p08_crowd_seed123.png
3,p08_crowd,456,6.027,0.312091,0.377111,0.582624,reports/experiments/exp3_cfg_sweep/images/cfg_3/p08_crowd_seed456.png
3,p08_crowd,789,5.799,0.291379,0.337326,0.441486,reports/experiments/exp3_cfg_sweep/images/cfg_3/p08_crowd_seed789.png
3,p08_crowd,1337,5.853,0.309141,0.511373,0.502048,reports/experiments/exp3_cfg_sweep/images/cfg_3/p08_crowd_seed1337.png
5,p01_portrait,42,5.868,0.322347,0.267689,0.545885,reports/experiments/exp3_cfg_sweep/images/cfg_5/p01_portrait_seed42.png
5,p01_portrait,123,5.87,0.314986,0.177688,0.310253,reports/experiments/exp3_cfg_sweep/images/cfg_5/p01_portrait_seed123.png
5,p01_portrait,456,5.92,0.278088,0.190703,0.357858,reports/experiments/exp3_cfg_sweep/images/cfg_5/p01_portrait_seed456.png
5,p01_portrait,789,5.797,0.324058,0.338063,0.355252,reports/experiments/exp3_cfg_sweep/images/cfg_5/p01_portrait_seed789.png
5,p01_portrait,1337,5.787,0.333144,0.168921,0.366707,reports/experiments/exp3_cfg_sweep/images/cfg_5/p01_portrait_seed1337.png
5,p02_landscape,42,5.777,0.328466,0.214842,0.295236,reports/experiments/exp3_cfg_sweep/images/cfg_5/p02_landscape_seed42.png
5,p02_landscape,123,5.652,0.300246,0.169918,0.434577,reports/experiments/exp3_cfg_sweep/images/cfg_5/p02_landscape_seed123.png
5,p02_landscape,456,5.844,0.313699,0.21442,0.267617,reports/experiments/exp3_cfg_sweep/images/cfg_5/p02_landscape_seed456.png
5,p02_landscape,789,5.633,0.306327,0.300638,0.423116,reports/experiments/exp3_cfg_sweep/images/cfg_5/p02_landscape_seed789.png
5,p02_landscape,1337,5.443,0.308371,0.177934,0.161581,reports/experiments/exp3_cfg_sweep/images/cfg_5/p02_landscape_seed1337.png
5,p03_abstract,42,5.602,0.323203,0.332035,0.387854,reports/experiments/exp3_cfg_sweep/images/cfg_5/p03_abstract_seed42.png
5,p03_abstract,123,5.616,0.318474,0.399362,0.413641,reports/experiments/exp3_cfg_sweep/images/cfg_5/p03_abstract_seed123.png
5,p03_abstract,456,5.741,0.333836,0.405821,0.456124,reports/experiments/exp3_cfg_sweep/images/cfg_5/p03_abstract_seed456.png
5,p03_abstract,789,5.811,0.325959,0.264998,0.432891,reports/experiments/exp3_cfg_sweep/images/cfg_5/p03_abstract_seed789.png
5,p03_abstract,1337,5.69,0.307205,0.430081,0.573047,reports/experiments/exp3_cfg_sweep/images/cfg_5/p03_abstract_seed1337.png
5,p04_text,42,5.729,0.270695,0.458197,0.501884,reports/experiments/exp3_cfg_sweep/images/cfg_5/p04_text_seed42.png
5,p04_text,123,5.417,0.273924,0.319801,0.310019,reports/experiments/exp3_cfg_sweep/images/cfg_5/p04_text_seed123.png
5,p04_text,456,5.844,0.289612,0.357386,0.461563,reports/experiments/exp3_cfg_sweep/images/cfg_5/p04_text_seed456.png
5,p04_text,789,5.386,0.270541,0.307088,0.333026,reports/experiments/exp3_cfg_sweep/images/cfg_5/p04_text_seed789.png
5,p04_text,1337,5.462,0.294468,0.43859,0.617896,reports/experiments/exp3_cfg_sweep/images/cfg_5/p04_text_seed1337.png
5,p05_texture,42,5.365,0.327807,0.184031,0.218431,reports/experiments/exp3_cfg_sweep/images/cfg_5/p05_texture_seed42.png
5,p05_texture,123,5.504,0.274625,0.345349,0.2519,reports/experiments/exp3_cfg_sweep/images/cfg_5/p05_texture_seed123.png
5,p05_texture,456,5.357,0.273019,0.203685,0.275109,reports/experiments/exp3_cfg_sweep/images/cfg_5/p05_texture_seed456.png
5,p05_texture,789,5.801,0.310255,0.45497,0.465357,reports/experiments/exp3_cfg_sweep/images/cfg_5/p05_texture_seed789.png
5,p05_texture,1337,5.672,0.309356,0.264764,0.397439,reports/experiments/exp3_cfg_sweep/images/cfg_5/p05_texture_seed1337.png
5,p06_arch,42,6.086,0.294209,0.317666,0.322038,reports/experiments/exp3_cfg_sweep/images/cfg_5/p06_arch_seed42.png
5,p06_arch,123,5.726,0.293205,0.193041,0.176448,reports/experiments/exp3_cfg_sweep/images/cfg_5/p06_arch_seed123.png
5,p06_arch,456,5.241,0.296704,0.319508,0.223237,reports/experiments/exp3_cfg_sweep/images/cfg_5/p06_arch_seed456.png
5,p06_arch,789,5.225,0.322132,0.250534,0.213066,reports/experiments/exp3_cfg_sweep/images/cfg_5/p06_arch_seed789.png
5,p06_arch,1337,5.46,0.327516,0.336708,0.284198,reports/experiments/exp3_cfg_sweep/images/cfg_5/p06_arch_seed1337.png
5,p07_hands,42,5.631,0.277969,0.295159,0.381168,reports/experiments/exp3_cfg_sweep/images/cfg_5/p07_hands_seed42.png
5,p07_hands,123,5.481,0.273611,0.602933,0.604468,reports/experiments/exp3_cfg_sweep/images/cfg_5/p07_hands_seed123.png
5,p07_hands,456,5.646,0.26816,0.343051,0.41554,reports/experiments/exp3_cfg_sweep/images/cfg_5/p07_hands_seed456.png
5,p07_hands,789,5.082,0.338232,0.389827,0.346848,reports/experiments/exp3_cfg_sweep/images/cfg_5/p07_hands_seed789.png
5,p07_hands,1337,5.126,0.28326,0.126722,0.538674,reports/experiments/exp3_cfg_sweep/images/cfg_5/p07_hands_seed1337.png
5,p08_crowd,42,5.823,0.334827,0.332186,0.401457,reports/experiments/exp3_cfg_sweep/images/cfg_5/p08_crowd_seed42.png
5,p08_crowd,123,5.494,0.319834,0.343766,0.382586,reports/experiments/exp3_cfg_sweep/images/cfg_5/p08_crowd_seed123.png
5,p08_crowd,456,5.639,0.346604,0.288506,0.307384,reports/experiments/exp3_cfg_sweep/images/cfg_5/p08_crowd_seed456.png
5,p08_crowd,789,5.217,0.337283,0.214992,0.231293,reports/experiments/exp3_cfg_sweep/images/cfg_5/p08_crowd_seed789.png
5,p08_crowd,1337,5.407,0.340478,0.500477,0.396104,reports/experiments/exp3_cfg_sweep/images/cfg_5/p08_crowd_seed1337.png
7,p01_portrait,42,5.395,0.326111,0.0,0.267689,reports/experiments/exp3_cfg_sweep/images/cfg_7/p01_portrait_seed42.png
7,p01_portrait,123,5.053,0.316054,0.0,0.177688,reports/experiments/exp3_cfg_sweep/images/cfg_7/p01_portrait_seed123.png
7,p01_portrait,456,5.13,0.283779,0.0,0.190703,reports/experiments/exp3_cfg_sweep/images/cfg_7/p01_portrait_seed456.png
7,p01_portrait,789,5.168,0.328849,0.0,0.338063,reports/experiments/exp3_cfg_sweep/images/cfg_7/p01_portrait_seed789.png
7,p01_portrait,1337,5.068,0.340551,0.0,0.168921,reports/experiments/exp3_cfg_sweep/images/cfg_7/p01_portrait_seed1337.png
7,p02_landscape,42,5.034,0.334314,0.0,0.214842,reports/experiments/exp3_cfg_sweep/images/cfg_7/p02_landscape_seed42.png
7,p02_landscape,123,5.041,0.306206,0.0,0.169918,reports/experiments/exp3_cfg_sweep/images/cfg_7/p02_landscape_seed123.png
7,p02_landscape,456,5.133,0.318475,0.0,0.21442,reports/experiments/exp3_cfg_sweep/images/cfg_7/p02_landscape_seed456.png
7,p02_landscape,789,5.164,0.312012,0.0,0.300638,reports/experiments/exp3_cfg_sweep/images/cfg_7/p02_landscape_seed789.png
7,p02_landscape,1337,5.074,0.325777,0.0,0.177934,reports/experiments/exp3_cfg_sweep/images/cfg_7/p02_landscape_seed1337.png
7,p03_abstract,42,5.104,0.305876,0.0,0.332035,reports/experiments/exp3_cfg_sweep/images/cfg_7/p03_abstract_seed42.png
7,p03_abstract,123,5.162,0.309965,0.0,0.399362,reports/experiments/exp3_cfg_sweep/images/cfg_7/p03_abstract_seed123.png
7,p03_abstract,456,4.909,0.329056,0.0,0.405821,reports/experiments/exp3_cfg_sweep/images/cfg_7/p03_abstract_seed456.png
7,p03_abstract,789,4.782,0.32972,0.0,0.264998,reports/experiments/exp3_cfg_sweep/images/cfg_7/p03_abstract_seed789.png
7,p03_abstract,1337,5.281,0.335579,0.0,0.430081,reports/experiments/exp3_cfg_sweep/images/cfg_7/p03_abstract_seed1337.png
7,p04_text,42,5.091,0.307197,0.0,0.458197,reports/experiments/exp3_cfg_sweep/images/cfg_7/p04_text_seed42.png
7,p04_text,123,5.118,0.271193,0.0,0.319801,reports/experiments/exp3_cfg_sweep/images/cfg_7/p04_text_seed123.png
7,p04_text,456,4.887,0.279783,0.0,0.357386,reports/experiments/exp3_cfg_sweep/images/cfg_7/p04_text_seed456.png
7,p04_text,789,5.014,0.251904,0.0,0.307088,reports/experiments/exp3_cfg_sweep/images/cfg_7/p04_text_seed789.png
7,p04_text,1337,5.104,0.317877,0.0,0.43859,reports/experiments/exp3_cfg_sweep/images/cfg_7/p04_text_seed1337.png
7,p05_texture,42,5.063,0.33136,0.0,0.184031,reports/experiments/exp3_cfg_sweep/images/cfg_7/p05_texture_seed42.png
7,p05_texture,123,4.939,0.309051,0.0,0.345349,reports/experiments/exp3_cfg_sweep/images/cfg_7/p05_texture_seed123.png
7,p05_texture,456,4.846,0.283112,0.0,0.203685,reports/experiments/exp3_cfg_sweep/images/cfg_7/p05_texture_seed456.png
7,p05_texture,789,4.981,0.32144,0.0,0.45497,reports/experiments/exp3_cfg_sweep/images/cfg_7/p05_texture_seed789.png
7,p05_texture,1337,5.287,0.31798,0.0,0.264764,reports/experiments/exp3_cfg_sweep/images/cfg_7/p05_texture_seed1337.png
7,p06_arch,42,4.809,0.291145,0.0,0.317666,reports/experiments/exp3_cfg_sweep/images/cfg_7/p06_arch_seed42.png
7,p06_arch,123,4.827,0.311073,0.0,0.193041,reports/experiments/exp3_cfg_sweep/images/cfg_7/p06_arch_seed123.png
7,p06_arch,456,4.927,0.29799,0.0,0.319508,reports/experiments/exp3_cfg_sweep/images/cfg_7/p06_arch_seed456.png
7,p06_arch,789,4.986,0.333954,0.0,0.250534,reports/experiments/exp3_cfg_sweep/images/cfg_7/p06_arch_seed789.png
7,p06_arch,1337,5.031,0.316928,0.0,0.336708,reports/experiments/exp3_cfg_sweep/images/cfg_7/p06_arch_seed1337.png
7,p07_hands,42,4.949,0.286237,0.0,0.295159,reports/experiments/exp3_cfg_sweep/images/cfg_7/p07_hands_seed42.png
7,p07_hands,123,4.99,0.258342,0.0,0.602933,reports/experiments/exp3_cfg_sweep/images/cfg_7/p07_hands_seed123.png
7,p07_hands,456,4.045,0.293155,0.0,0.343051,reports/experiments/exp3_cfg_sweep/images/cfg_7/p07_hands_seed456.png
7,p07_hands,789,3.932,0.322603,0.0,0.389827,reports/experiments/exp3_cfg_sweep/images/cfg_7/p07_hands_seed789.png
7,p07_hands,1337,3.996,0.277509,0.0,0.126722,reports/experiments/exp3_cfg_sweep/images/cfg_7/p07_hands_seed1337.png
7,p08_crowd,42,4.179,0.327034,0.0,0.332186,reports/experiments/exp3_cfg_sweep/images/cfg_7/p08_crowd_seed42.png
7,p08_crowd,123,3.951,0.342599,0.0,0.343766,reports/experiments/exp3_cfg_sweep/images/cfg_7/p08_crowd_seed123.png
7,p08_crowd,456,5.332,0.335887,0.0,0.288506,reports/experiments/exp3_cfg_sweep/images/cfg_7/p08_crowd_seed456.png
7,p08_crowd,789,4.443,0.326926,0.0,0.214992,reports/experiments/exp3_cfg_sweep/images/cfg_7/p08_crowd_seed789.png
7,p08_crowd,1337,4.938,0.350587,0.0,0.500477,reports/experiments/exp3_cfg_sweep/images/cfg_7/p08_crowd_seed1337.png
9,p01_portrait,42,5.436,0.335292,0.351077,0.351077,reports/experiments/exp3_cfg_sweep/images/cfg_9/p01_portrait_seed42.png
9,p01_portrait,123,5.407,0.316274,0.267732,0.267732,reports/experiments/exp3_cfg_sweep/images/cfg_9/p01_portrait_seed123.png
9,p01_portrait,456,5.755,0.324777,0.322999,0.322999,reports/experiments/exp3_cfg_sweep/images/cfg_9/p01_portrait_seed456.png
9,p01_portrait,789,5.651,0.356929,0.353117,0.353117,reports/experiments/exp3_cfg_sweep/images/cfg_9/p01_portrait_seed789.png
9,p01_portrait,1337,5.521,0.340227,0.146027,0.146027,reports/experiments/exp3_cfg_sweep/images/cfg_9/p01_portrait_seed1337.png
9,p02_landscape,42,5.293,0.315444,0.167045,0.167045,reports/experiments/exp3_cfg_sweep/images/cfg_9/p02_landscape_seed42.png
9,p02_landscape,123,5.402,0.312225,0.359931,0.359931,reports/experiments/exp3_cfg_sweep/images/cfg_9/p02_landscape_seed123.png
9,p02_landscape,456,5.326,0.314087,0.109393,0.109393,reports/experiments/exp3_cfg_sweep/images/cfg_9/p02_landscape_seed456.png
9,p02_landscape,789,5.414,0.306988,0.185924,0.185924,reports/experiments/exp3_cfg_sweep/images/cfg_9/p02_landscape_seed789.png
9,p02_landscape,1337,5.376,0.30801,0.195596,0.195596,reports/experiments/exp3_cfg_sweep/images/cfg_9/p02_landscape_seed1337.png
9,p03_abstract,42,5.333,0.30066,0.207799,0.207799,reports/experiments/exp3_cfg_sweep/images/cfg_9/p03_abstract_seed42.png
9,p03_abstract,123,5.337,0.32915,0.215774,0.215774,reports/experiments/exp3_cfg_sweep/images/cfg_9/p03_abstract_seed123.png
9,p03_abstract,456,5.558,0.299374,0.492969,0.492969,reports/experiments/exp3_cfg_sweep/images/cfg_9/p03_abstract_seed456.png
9,p03_abstract,789,5.625,0.323504,0.313277,0.313277,reports/experiments/exp3_cfg_sweep/images/cfg_9/p03_abstract_seed789.png
9,p03_abstract,1337,5.364,0.309252,0.405297,0.405297,reports/experiments/exp3_cfg_sweep/images/cfg_9/p03_abstract_seed1337.png
9,p04_text,42,5.615,0.271193,0.546671,0.546671,reports/experiments/exp3_cfg_sweep/images/cfg_9/p04_text_seed42.png
9,p04_text,123,5.608,0.272872,0.181339,0.181339,reports/experiments/exp3_cfg_sweep/images/cfg_9/p04_text_seed123.png
9,p04_text,456,5.18,0.319252,0.458969,0.458969,reports/experiments/exp3_cfg_sweep/images/cfg_9/p04_text_seed456.png
9,p04_text,789,5.549,0.262262,0.245554,0.245554,reports/experiments/exp3_cfg_sweep/images/cfg_9/p04_text_seed789.png
9,p04_text,1337,5.587,0.297135,0.367974,0.367974,reports/experiments/exp3_cfg_sweep/images/cfg_9/p04_text_seed1337.png
9,p05_texture,42,5.842,0.330279,0.22359,0.22359,reports/experiments/exp3_cfg_sweep/images/cfg_9/p05_texture_seed42.png
9,p05_texture,123,5.536,0.296317,0.362357,0.362357,reports/experiments/exp3_cfg_sweep/images/cfg_9/p05_texture_seed123.png
9,p05_texture,456,5.561,0.302616,0.382956,0.382956,reports/experiments/exp3_cfg_sweep/images/cfg_9/p05_texture_seed456.png
9,p05_texture,789,5.66,0.287785,0.295936,0.295936,reports/experiments/exp3_cfg_sweep/images/cfg_9/p05_texture_seed789.png
9,p05_texture,1337,5.446,0.337539,0.283756,0.283756,reports/experiments/exp3_cfg_sweep/images/cfg_9/p05_texture_seed1337.png
9,p06_arch,42,5.629,0.283292,0.247488,0.247488,reports/experiments/exp3_cfg_sweep/images/cfg_9/p06_arch_seed42.png
9,p06_arch,123,5.633,0.29534,0.232982,0.232982,reports/experiments/exp3_cfg_sweep/images/cfg_9/p06_arch_seed123.png
9,p06_arch,456,5.411,0.305502,0.263902,0.263902,reports/experiments/exp3_cfg_sweep/images/cfg_9/p06_arch_seed456.png
9,p06_arch,789,5.389,0.309355,0.363063,0.363063,reports/experiments/exp3_cfg_sweep/images/cfg_9/p06_arch_seed789.png
9,p06_arch,1337,5.475,0.322064,0.273895,0.273895,reports/experiments/exp3_cfg_sweep/images/cfg_9/p06_arch_seed1337.png
9,p07_hands,42,5.556,0.276674,0.131589,0.131589,reports/experiments/exp3_cfg_sweep/images/cfg_9/p07_hands_seed42.png
9,p07_hands,123,5.548,0.254041,0.357652,0.357652,reports/experiments/exp3_cfg_sweep/images/cfg_9/p07_hands_seed123.png
9,p07_hands,456,5.305,0.295307,0.248564,0.248564,reports/experiments/exp3_cfg_sweep/images/cfg_9/p07_hands_seed456.png
9,p07_hands,789,5.593,0.309066,0.196851,0.196851,reports/experiments/exp3_cfg_sweep/images/cfg_9/p07_hands_seed789.png
9,p07_hands,1337,5.394,0.277362,0.157664,0.157664,reports/experiments/exp3_cfg_sweep/images/cfg_9/p07_hands_seed1337.png
9,p08_crowd,42,5.189,0.3449,0.287138,0.287138,reports/experiments/exp3_cfg_sweep/images/cfg_9/p08_crowd_seed42.png
9,p08_crowd,123,5.452,0.326629,0.285069,0.285069,reports/experiments/exp3_cfg_sweep/images/cfg_9/p08_crowd_seed123.png
9,p08_crowd,456,5.363,0.352499,0.43494,0.43494,reports/experiments/exp3_cfg_sweep/images/cfg_9/p08_crowd_seed456.png
9,p08_crowd,789,5.582,0.342573,0.263032,0.263032,reports/experiments/exp3_cfg_sweep/images/cfg_9/p08_crowd_seed789.png
9,p08_crowd,1337,5.423,0.338491,0.430761,0.430761,reports/experiments/exp3_cfg_sweep/images/cfg_9/p08_crowd_seed1337.png
12,p01_portrait,42,5.364,0.358175,0.380305,0.40264,reports/experiments/exp3_cfg_sweep/images/cfg_12/p01_portrait_seed42.png
12,p01_portrait,123,4.987,0.324946,0.354787,0.295463,reports/experiments/exp3_cfg_sweep/images/cfg_12/p01_portrait_seed123.png
12,p01_portrait,456,5.086,0.330247,0.320476,0.264213,reports/experiments/exp3_cfg_sweep/images/cfg_12/p01_portrait_seed456.png
12,p01_portrait,789,5.514,0.359415,0.576002,0.611595,reports/experiments/exp3_cfg_sweep/images/cfg_12/p01_portrait_seed789.png
12,p01_portrait,1337,5.427,0.342975,0.262231,0.171285,reports/experiments/exp3_cfg_sweep/images/cfg_12/p01_portrait_seed1337.png
12,p02_landscape,42,5.053,0.315452,0.373272,0.330625,reports/experiments/exp3_cfg_sweep/images/cfg_12/p02_landscape_seed42.png
12,p02_landscape,123,5.326,0.312693,0.342053,0.229004,reports/experiments/exp3_cfg_sweep/images/cfg_12/p02_landscape_seed123.png
12,p02_landscape,456,5.405,0.31168,0.264562,0.191081,reports/experiments/exp3_cfg_sweep/images/cfg_12/p02_landscape_seed456.png
12,p02_landscape,789,5.465,0.309365,0.385736,0.340174,reports/experiments/exp3_cfg_sweep/images/cfg_12/p02_landscape_seed789.png
12,p02_landscape,1337,5.358,0.318,0.356221,0.284928,reports/experiments/exp3_cfg_sweep/images/cfg_12/p02_landscape_seed1337.png
12,p03_abstract,42,5.285,0.314243,0.331207,0.217725,reports/experiments/exp3_cfg_sweep/images/cfg_12/p03_abstract_seed42.png
12,p03_abstract,123,5.242,0.315762,0.382248,0.330976,reports/experiments/exp3_cfg_sweep/images/cfg_12/p03_abstract_seed123.png
12,p03_abstract,456,5.288,0.300964,0.491688,0.428271,reports/experiments/exp3_cfg_sweep/images/cfg_12/p03_abstract_seed456.png
12,p03_abstract,789,5.21,0.319375,0.391053,0.249323,reports/experiments/exp3_cfg_sweep/images/cfg_12/p03_abstract_seed789.png
12,p03_abstract,1337,5.22,0.311052,0.428981,0.258003,reports/experiments/exp3_cfg_sweep/images/cfg_12/p03_abstract_seed1337.png
12,p04_text,42,4.927,0.27342,0.550303,0.289487,reports/experiments/exp3_cfg_sweep/images/cfg_12/p04_text_seed42.png
12,p04_text,123,5.067,0.276363,0.298218,0.246946,reports/experiments/exp3_cfg_sweep/images/cfg_12/p04_text_seed123.png
12,p04_text,456,5.056,0.330199,0.541981,0.473252,reports/experiments/exp3_cfg_sweep/images/cfg_12/p04_text_seed456.png
12,p04_text,789,5.289,0.267264,0.313756,0.261766,reports/experiments/exp3_cfg_sweep/images/cfg_12/p04_text_seed789.png
12,p04_text,1337,5.671,0.312597,0.319385,0.404154,reports/experiments/exp3_cfg_sweep/images/cfg_12/p04_text_seed1337.png
12,p05_texture,42,5.216,0.341183,0.403996,0.367592,reports/experiments/exp3_cfg_sweep/images/cfg_12/p05_texture_seed42.png
12,p05_texture,123,5.452,0.310041,0.538432,0.591638,reports/experiments/exp3_cfg_sweep/images/cfg_12/p05_texture_seed123.png
12,p05_texture,456,4.971,0.29667,0.418485,0.145519,reports/experiments/exp3_cfg_sweep/images/cfg_12/p05_texture_seed456.png
12,p05_texture,789,5.255,0.321258,0.441144,0.422245,reports/experiments/exp3_cfg_sweep/images/cfg_12/p05_texture_seed789.png
12,p05_texture,1337,5.053,0.298895,0.328622,0.334614,reports/experiments/exp3_cfg_sweep/images/cfg_12/p05_texture_seed1337.png
12,p06_arch,42,5.021,0.294477,0.338399,0.305703,reports/experiments/exp3_cfg_sweep/images/cfg_12/p06_arch_seed42.png
12,p06_arch,123,4.882,0.315979,0.254131,0.261308,reports/experiments/exp3_cfg_sweep/images/cfg_12/p06_arch_seed123.png
12,p06_arch,456,4.974,0.294006,0.434504,0.429747,reports/experiments/exp3_cfg_sweep/images/cfg_12/p06_arch_seed456.png
12,p06_arch,789,5.127,0.312982,0.390484,0.258297,reports/experiments/exp3_cfg_sweep/images/cfg_12/p06_arch_seed789.png
12,p06_arch,1337,5.175,0.303826,0.416216,0.415263,reports/experiments/exp3_cfg_sweep/images/cfg_12/p06_arch_seed1337.png
12,p07_hands,42,4.909,0.278696,0.235919,0.173707,reports/experiments/exp3_cfg_sweep/images/cfg_12/p07_hands_seed42.png
12,p07_hands,123,5.171,0.25959,0.621699,0.575354,reports/experiments/exp3_cfg_sweep/images/cfg_12/p07_hands_seed123.png
12,p07_hands,456,5.147,0.304505,0.284307,0.288468,reports/experiments/exp3_cfg_sweep/images/cfg_12/p07_hands_seed456.png
12,p07_hands,789,5.036,0.307604,0.53023,0.512053,reports/experiments/exp3_cfg_sweep/images/cfg_12/p07_hands_seed789.png
12,p07_hands,1337,5.056,0.279774,0.27999,0.259104,reports/experiments/exp3_cfg_sweep/images/cfg_12/p07_hands_seed1337.png
12,p08_crowd,42,5.075,0.329566,0.403825,0.353862,reports/experiments/exp3_cfg_sweep/images/cfg_12/p08_crowd_seed42.png
12,p08_crowd,123,5.341,0.339747,0.365715,0.297494,reports/experiments/exp3_cfg_sweep/images/cfg_12/p08_crowd_seed123.png
12,p08_crowd,456,5.006,0.340543,0.479178,0.349415,reports/experiments/exp3_cfg_sweep/images/cfg_12/p08_crowd_seed456.png
12,p08_crowd,789,5.019,0.339777,0.315928,0.312996,reports/experiments/exp3_cfg_sweep/images/cfg_12/p08_crowd_seed789.png
12,p08_crowd,1337,5.098,0.350559,0.440411,0.379982,reports/experiments/exp3_cfg_sweep/images/cfg_12/p08_crowd_seed1337.png
15,p01_portrait,42,5.05,0.35454,0.468263,0.337727,reports/experiments/exp3_cfg_sweep/images/cfg_15/p01_portrait_seed42.png
15,p01_portrait,123,4.902,0.325406,0.410486,0.287946,reports/experiments/exp3_cfg_sweep/images/cfg_15/p01_portrait_seed123.png
15,p01_portrait,456,5.147,0.33093,0.374165,0.168579,reports/experiments/exp3_cfg_sweep/images/cfg_15/p01_portrait_seed456.png
15,p01_portrait,789,4.919,0.345669,0.678838,0.593231,reports/experiments/exp3_cfg_sweep/images/cfg_15/p01_portrait_seed789.png
15,p01_portrait,1337,5.162,0.35354,0.337538,0.130106,reports/experiments/exp3_cfg_sweep/images/cfg_15/p01_portrait_seed1337.png
15,p02_landscape,42,4.939,0.33445,0.486541,0.38157,reports/experiments/exp3_cfg_sweep/images/cfg_15/p02_landscape_seed42.png
15,p02_landscape,123,5.158,0.316378,0.410251,0.361187,reports/experiments/exp3_cfg_sweep/images/cfg_15/p02_landscape_seed123.png
15,p02_landscape,456,4.814,0.309989,0.268665,0.209572,reports/experiments/exp3_cfg_sweep/images/cfg_15/p02_landscape_seed456.png
15,p02_landscape,789,4.911,0.303504,0.433802,0.16725,reports/experiments/exp3_cfg_sweep/images/cfg_15/p02_landscape_seed789.png
15,p02_landscape,1337,4.905,0.304974,0.439536,0.310158,reports/experiments/exp3_cfg_sweep/images/cfg_15/p02_landscape_seed1337.png
15,p03_abstract,42,5.163,0.303905,0.379903,0.147626,reports/experiments/exp3_cfg_sweep/images/cfg_15/p03_abstract_seed42.png
15,p03_abstract,123,5.166,0.313047,0.309603,0.315183,reports/experiments/exp3_cfg_sweep/images/cfg_15/p03_abstract_seed123.png
15,p03_abstract,456,5.402,0.309779,0.518668,0.454152,reports/experiments/exp3_cfg_sweep/images/cfg_15/p03_abstract_seed456.png
15,p03_abstract,789,4.954,0.316185,0.417229,0.141969,reports/experiments/exp3_cfg_sweep/images/cfg_15/p03_abstract_seed789.png
15,p03_abstract,1337,4.812,0.304841,0.47715,0.3552,reports/experiments/exp3_cfg_sweep/images/cfg_15/p03_abstract_seed1337.png
15,p04_text,42,4.864,0.287354,0.58341,0.458647,reports/experiments/exp3_cfg_sweep/images/cfg_15/p04_text_seed42.png
15,p04_text,123,5.227,0.284124,0.320617,0.236371,reports/experiments/exp3_cfg_sweep/images/cfg_15/p04_text_seed123.png
15,p04_text,456,4.693,0.325209,0.461324,0.33097,reports/experiments/exp3_cfg_sweep/images/cfg_15/p04_text_seed456.png
15,p04_text,789,4.983,0.288696,0.503864,0.497106,reports/experiments/exp3_cfg_sweep/images/cfg_15/p04_text_seed789.png
15,p04_text,1337,4.818,0.311763,0.44691,0.389272,reports/experiments/exp3_cfg_sweep/images/cfg_15/p04_text_seed1337.png
15,p05_texture,42,4.836,0.329498,0.421454,0.276897,reports/experiments/exp3_cfg_sweep/images/cfg_15/p05_texture_seed42.png
15,p05_texture,123,5.039,0.255594,0.65336,0.669732,reports/experiments/exp3_cfg_sweep/images/cfg_15/p05_texture_seed123.png
15,p05_texture,456,4.882,0.286364,0.459192,0.279949,reports/experiments/exp3_cfg_sweep/images/cfg_15/p05_texture_seed456.png
15,p05_texture,789,4.756,0.261285,0.576223,0.533914,reports/experiments/exp3_cfg_sweep/images/cfg_15/p05_texture_seed789.png
15,p05_texture,1337,4.804,0.311774,0.441749,0.383967,reports/experiments/exp3_cfg_sweep/images/cfg_15/p05_texture_seed1337.png
15,p06_arch,42,4.988,0.276441,0.412079,0.412126,reports/experiments/exp3_cfg_sweep/images/cfg_15/p06_arch_seed42.png
15,p06_arch,123,5.022,0.298528,0.401469,0.382239,reports/experiments/exp3_cfg_sweep/images/cfg_15/p06_arch_seed123.png
15,p06_arch,456,4.905,0.281731,0.510158,0.529493,reports/experiments/exp3_cfg_sweep/images/cfg_15/p06_arch_seed456.png
15,p06_arch,789,4.993,0.312374,0.472691,0.460268,reports/experiments/exp3_cfg_sweep/images/cfg_15/p06_arch_seed789.png
15,p06_arch,1337,4.899,0.323985,0.404536,0.409531,reports/experiments/exp3_cfg_sweep/images/cfg_15/p06_arch_seed1337.png
15,p07_hands,42,5.217,0.252728,0.467893,0.486426,reports/experiments/exp3_cfg_sweep/images/cfg_15/p07_hands_seed42.png
15,p07_hands,123,5.02,0.293645,0.641327,0.381364,reports/experiments/exp3_cfg_sweep/images/cfg_15/p07_hands_seed123.png
15,p07_hands,456,4.936,0.288882,0.7003,0.685847,reports/experiments/exp3_cfg_sweep/images/cfg_15/p07_hands_seed456.png
15,p07_hands,789,4.932,0.293483,0.561364,0.392774,reports/experiments/exp3_cfg_sweep/images/cfg_15/p07_hands_seed789.png
15,p07_hands,1337,5.129,0.30258,0.597221,0.594136,reports/experiments/exp3_cfg_sweep/images/cfg_15/p07_hands_seed1337.png
15,p08_crowd,42,4.978,0.356483,0.45235,0.398922,reports/experiments/exp3_cfg_sweep/images/cfg_15/p08_crowd_seed42.png
15,p08_crowd,123,5.12,0.346544,0.471837,0.470547,reports/experiments/exp3_cfg_sweep/images/cfg_15/p08_crowd_seed123.png
15,p08_crowd,456,5.132,0.350826,0.55371,0.509408,reports/experiments/exp3_cfg_sweep/images/cfg_15/p08_crowd_seed456.png
15,p08_crowd,789,4.851,0.331119,0.432528,0.377991,reports/experiments/exp3_cfg_sweep/images/cfg_15/p08_crowd_seed789.png
15,p08_crowd,1337,4.931,0.345588,0.482169,0.409027,reports/experiments/exp3_cfg_sweep/images/cfg_15/p08_crowd_seed1337.png
